res,name,Q_lambda,Q_mu,gain_K,memory_yr,halflife_yr
NML,New Melones,0.0033,0.0056,0.04744582041157175,21.076672114117475,14.259854646713267
EXC,Exchequer,0.0178,0.0197,0.052998789158204884,18.868355596104923,12.728828609624287
NHG,New Hogan,0.0181,0.0194,0.047195233349232146,21.18858047803825,14.337438805298842
BUL,New Bullards Bar,0.02,0.02,0.05052857651804388,19.79078115614236,13.368355738842775
FOL,Folsom,0.0174,0.0191,0.06262291716297264,15.96859496975454,10.718277785889693
SHA,Shasta,0.02,0.0164,0.0756386408733446,13.220755799598253,8.812813356057003
MIL,Millerton,0.018,0.0183,0.06527959758094815,15.318721883356861,10.267656183972013
ORO,Oroville,0.0174,0.0191,0.06262291716297264,15.96859496975454,10.718277785889693
DNP,Don Pedro,0.0164,0.02,0.050700144337458175,19.723809726142772,13.321924243885341
